BRANCH,YEAR,VISITORS,CIRCULATION,COMPUTER SESSIONS,LAT,LON
Albany Park,2020,52199.0,49247.0,7370.0,41.97557881655979,-87.71361314512697
Albany Park,2021,62840.0,61634.0,8838.0,41.97557881655979,-87.71361314512697
Albany Park,2022,79075.0,64486.0,13089.0,41.97557881655979,-87.71361314512697
Albany Park,2023,87206.0,59851.0,12477.0,41.97557881655979,-87.71361314512697
Albany Park,2024,89939.0,55168.0,12667.0,41.97557881655979,-87.71361314512697
Albany Park,2025,79887.0,53526.0,13518.0,41.97557881655979,-87.71361314512697
Altgeld,2020,5666.0,1109.0,852.0,41.65719847558056,-87.59883829075173
Altgeld,2021,10760.0,1934.0,6719.0,41.65719847558056,-87.59883829075173
Altgeld,2022,38946.0,2641.0,11282.0,41.65719847558056,-87.59883829075173
Altgeld,2023,43605.0,1569.0,5388.0,41.65719847558056,-87.59883829075173
Altgeld,2024,51071.0,2442.0,8353.0,41.65719847558056,-87.59883829075173
Altgeld,2025,50719.0,1770.0,9532.0,41.65719847558056,-87.59883829075173
Archer Heights,2020,40849.0,23929.0,6910.0,41.80110836194246,-87.72648385568911
Archer Heights,2021,34665.0,26320.0,7223.0,41.80110836194246,-87.72648385568911
Archer Heights,2022,41847.0,27343.0,8782.0,41.80110836194246,-87.72648385568911
Archer Heights,2023,44118.0,21614.0,7780.0,41.80110836194246,-87.72648385568911
Archer Heights,2024,46130.0,23643.0,9710.0,41.80110836194246,-87.72648385568911
Archer Heights,2025,50336.0,25195.0,11249.0,41.80110836194246,-87.72648385568911
Austin,2020,48452.0,8392.0,9731.0,41.88917312206642,-87.7658203582574
Austin,2021,35321.0,7108.0,8554.0,41.88917312206642,-87.7658203582574
Austin,2022,41194.0,7589.0,10235.0,41.88917312206642,-87.7658203582574
Austin,2023,60079.0,8674.0,11538.0,41.88917312206642,-87.7658203582574
Austin,2024,65037.0,13244.0,11812.0,41.88917312206642,-87.7658203582574
Austin,2025,57306.0,10031.0,14663.0,41.88917312206642,-87.7658203582574
Austin-Irving,2020,44549.0,56704.0,4848.0,41.95312267684315,-87.77928489355646
Austin-Irving,2021,48720.0,62934.0,5423.0,41.95312267684315,-87.77928489355646
Austin-Irving,2022,55987.0,63482.0,7353.0,41.95312267684315,-87.77928489355646
Austin-Irving,2023,32539.0,49505.0,6469.0,41.95312267684315,-87.77928489355646
Austin-Irving,2024,39359.0,51570.0,7367.0,41.95312267684315,-87.77928489355646
Austin-Irving,2025,63914.0,55284.0,8787.0,41.95312267684315,-87.77928489355646
Avalon,2020,45243.0,16799.0,12900.0,41.746393038286826,-87.5860053710736
Avalon,2021,46853.0,16003.0,12882.0,41.746393038286826,-87.5860053710736
Avalon,2022,47736.0,15567.0,15937.0,41.746393038286826,-87.5860053710736
Avalon,2023,47071.0,15327.0,17058.0,41.746393038286826,-87.5860053710736
Avalon,2024,49563.0,13209.0,15115.0,41.746393038286826,-87.5860053710736
Avalon,2025,60673.0,14389.0,20784.0,41.746393038286826,-87.5860053710736
Back of the Yards,2020,20016.0,11151.0,4284.0,41.808384423666354,-87.67756963874196
Back of the Yards,2021,25385.0,12416.0,4957.0,41.808384423666354,-87.67756963874196
Back of the Yards,2022,31258.0,12242.0,5557.0,41.808384423666354,-87.67756963874196
Back of the Yards,2023,38437.0,11373.0,6253.0,41.808384423666354,-87.67756963874196
Back of the Yards,2024,38154.0,9595.0,5689.0,41.808384423666354,-87.67756963874196
Back of the Yards,2025,36447.0,9547.0,5752.0,41.808384423666354,-87.67756963874196
Beverly,2020,17422.0,29173.0,4882.0,41.72118978926962,-87.67214620967468
Beverly,2021,23456.0,35849.0,6503.0,41.72118978926962,-87.67214620967468
Beverly,2022,22233.0,26961.0,6571.0,41.72118978926962,-87.67214620967468
Beverly,2023,35843.0,36873.0,10896.0,41.72118978926962,-87.67214620967468
Beverly,2024,37725.0,36478.0,11647.0,41.72118978926962,-87.67214620967468
Beverly,2025,59209.0,35265.0,13733.0,41.72118978926962,-87.67214620967468
Bezazian,2020,41366.0,60551.0,10322.0,41.97155143669217,-87.66095347964183
Bezazian,2021,43661.0,57073.0,9142.0,41.97155143669217,-87.66095347964183
Bezazian,2022,55207.0,76814.0,15409.0,41.97155143669217,-87.66095347964183
Bezazian,2023,48236.0,72641.0,15029.0,41.97155143669217,-87.66095347964183
Bezazian,2024,52187.0,71030.0,14663.0,41.97155143669217,-87.66095347964183
Bezazian,2025,98018.0,76831.0,15201.0,41.97155143669217,-87.66095347964183
Blackstone,2020,20075.0,60837.0,7210.0,41.80549277198318,-87.58923748614112
Blackstone,2021,61010.0,80757.0,8963.0,41.80549277198318,-87.58923748614112
Blackstone,2022,76626.0,81017.0,11773.0,41.80549277198318,-87.58923748614112
Blackstone,2023,91125.0,78596.0,12142.0,41.80549277198318,-87.58923748614112
Blackstone,2024,61562.0,79340.0,15352.0,41.80549277198318,-87.58923748614112
Blackstone,2025,100682.0,82000.0,17198.0,41.80549277198318,-87.58923748614112
Brainerd,2020,10608.0,3577.0,3659.0,41.73244482025524,-87.65772892721816
Brainerd,2021,7313.0,3321.0,3442.0,41.73244482025524,-87.65772892721816
Brainerd,2022,12342.0,3899.0,5652.0,41.73244482025524,-87.65772892721816
Brainerd,2023,13810.0,3541.0,5536.0,41.73244482025524,-87.65772892721816
Brainerd,2024,13136.0,3865.0,6960.0,41.73244482025524,-87.65772892721816
Brainerd,2025,26008.0,3445.0,7386.0,41.73244482025524,-87.65772892721816
Brighton Park,2020,18470.0,19047.0,4042.0,"41.81516027827089""",-87.70273371160454
Brighton Park,2021,16216.0,14957.0,4010.0,"41.81516027827089""",-87.70273371160454
Brighton Park,2022,32956.0,17940.0,6159.0,"41.81516027827089""",-87.70273371160454
Brighton Park,2023,41115.0,19433.0,7121.0,"41.81516027827089""",-87.70273371160454
Brighton Park,2024,41918.0,18103.0,8161.0,"41.81516027827089""",-87.70273371160454
Brighton Park,2025,42188.0,16134.0,9556.0,"41.81516027827089""",-87.70273371160454
Bucktown-Wicker Park,2020,56489.0,74873.0,5267.0,41.91235487836141,-87.68029967133904
Bucktown-Wicker Park,2021,66986.0,89707.0,6219.0,41.91235487836141,-87.68029967133904
Bucktown-Wicker Park,2022,86093.0,98867.0,9255.0,41.91235487836141,-87.68029967133904
Bucktown-Wicker Park,2023,54095.0,98331.0,9702.0,41.91235487836141,-87.68029967133904
Bucktown-Wicker Park,2024,68328.0,104798.0,10983.0,41.91235487836141,-87.68029967133904
Bucktown-Wicker Park,2025,155365.0,113140.0,13308.0,41.91235487836141,-87.68029967133904
Budlong Woods,2020,64341.0,55627.0,6294.0,41.98369797603738,-87.69631576617253
Budlong Woods,2021,70683.0,69886.0,8152.0,41.98369797603738,-87.69631576617253
Budlong Woods,2022,79981.0,72049.0,10037.0,41.98369797603738,-87.69631576617253
Budlong Woods,2023,57260.0,72509.0,12437.0,41.98369797603738,-87.69631576617253
Budlong Woods,2024,58565.0,71081.0,12130.0,41.98369797603738,-87.69631576617253
Budlong Woods,2025,91823.0,72201.0,15040.0,41.98369797603738,-87.69631576617253
Canaryville,2020,6403.0,4120.0,1042.0,41.81634394084193,-87.64256827550598
Canaryville,2021,7911.0,4887.0,1254.0,41.81634394084193,-87.64256827550598
Canaryville,2022,10960.0,8998.0,2169.0,41.81634394084193,-87.64256827550598
Canaryville,2023,17932.0,10366.0,3424.0,41.81634394084193,-87.64256827550598
Canaryville,2024,25075.0,10165.0,3456.0,41.81634394084193,-87.64256827550598
Canaryville,2025,21934.0,11359.0,3599.0,41.81634394084193,-87.64256827550598
Chicago Bee,2020,9673.0,6035.0,4333.0,41.82824306445502,-87.6263495444489
Chicago Bee,2021,10188.0,7891.0,4898.0,41.82824306445502,-87.6263495444489
Chicago Bee,2022,11562.0,9095.0,7447.0,41.82824306445502,-87.6263495444489
Chicago Bee,2023,15422.0,8908.0,6892.0,41.82824306445502,-87.6263495444489
Chicago Bee,2024,23360.0,8687.0,7135.0,41.82824306445502,-87.6263495444489
Chicago Bee,2025,45283.0,8621.0,7964.0,41.82824306445502,-87.6263495444489
Chicago Lawn,2020,31619.0,15080.0,6340.0,41.7819767986214,-87.7033680880769
Chicago Lawn,2021,42869.0,17555.0,9128.0,41.7819767986214,-87.7033680880769
Chicago Lawn,2022,47077.0,16433.0,11345.0,41.7819767986214,-87.7033680880769
Chicago Lawn,2023,50647.0,14797.0,11945.0,41.7819767986214,-87.7033680880769
Chicago Lawn,2024,59288.0,12267.0,11271.0,41.7819767986214,-87.7033680880769
Chicago Lawn,2025,55240.0,13087.0,13152.0,41.7819767986214,-87.7033680880769
Chinatown,2020,68972.0,40334.0,9458.0,41.85412074173438,-87.63195792246246
Chinatown,2021,93783.0,54354.0,11471.0,41.85412074173438,-87.63195792246246
Chinatown,2022,144767.0,58539.0,16629.0,41.85412074173438,-87.63195792246246
Chinatown,2023,192705.0,48800.0,21829.0,41.85412074173438,-87.63195792246246
Chinatown,2024,139766.0,32810.0,15055.0,41.85412074173438,-87.63195792246246
Chinatown,2025,215213.0,45319.0,20601.0,41.85412074173438,-87.63195792246246
Clearing,2020,30288.0,16952.0,3613.0,41.776652677565934,-87.78218757614671
Clearing,2021,10677.0,20184.0,4575.0,41.776652677565934,-87.78218757614671
Clearing,2022,15574.0,21980.0,6125.0,41.776652677565934,-87.78218757614671
Clearing,2023,17035.0,22094.0,5994.0,41.776652677565934,-87.78218757614671
Clearing,2024,34569.0,21362.0,5993.0,41.776652677565934,-87.78218757614671
Clearing,2025,43792.0,21127.0,6625.0,41.776652677565934,-87.78218757614671
Coleman,2020,40137.0,10777.0,11006.0,41.78028267185317,-87.60712228979007
Coleman,2021,36281.0,11157.0,11371.0,41.78028267185317,-87.60712228979007
Coleman,2022,42328.0,11059.0,15045.0,41.78028267185317,-87.60712228979007
Coleman,2023,31219.0,11870.0,15474.0,41.78028267185317,-87.60712228979007
Coleman,2024,55018.0,11415.0,15923.0,41.78028267185317,-87.60712228979007
Coleman,2025,72175.0,11555.0,18606.0,41.78028267185317,-87.60712228979007
"Daley, Richard J. -Bridgeport",2020,26070.0,,5643.0,41.8327976771251,-87.64629980794813
"Daley, Richard J. -Bridgeport",2021,23096.0,,3947.0,41.8327976771251,-87.64629980794813
"Daley, Richard J. -Bridgeport",2022,17966.0,,5411.0,41.8327976771251,-87.64629980794813
"Daley, Richard J. -Bridgeport",2023,53607.0,,11282.0,41.8327976771251,-87.64629980794813
"Daley, Richard J. -Bridgeport",2024,71422.0,,12723.0,41.8327976771251,-87.64629980794813
"Daley, Richard J. -Bridgeport",2025,75470.0,,13428.0,41.8327976771251,-87.64629980794813
"Daley, Richard J. -Bridgeport",2020,,37045.0,,41.8327976771251,-87.64629980794813
"Daley, Richard J. -Bridgeport",2021,,26402.0,,41.8327976771251,-87.64629980794813
"Daley, Richard J. -Bridgeport",2022,,25307.0,,41.8327976771251,-87.64629980794813
"Daley, Richard J. -Bridgeport",2023,,41353.0,,41.8327976771251,-87.64629980794813
"Daley, Richard J. -Bridgeport",2024,,43481.0,,41.8327976771251,-87.64629980794813
"Daley, Richard J. -Bridgeport",2025,,43212.0,,41.8327976771251,-87.64629980794813
"Daley, Richard M. -W. Humboldt",2020,72402.0,,12183.0,41.894726658545295,-87.7063841773407
"Daley, Richard M. -W. Humboldt",2021,64108.0,,10751.0,41.894726658545295,-87.7063841773407
"Daley, Richard M. -W. Humboldt",2022,50313.0,,11458.0,41.894726658545295,-87.7063841773407
"Daley, Richard M. -W. Humboldt",2023,51293.0,,13406.0,41.894726658545295,-87.7063841773407
"Daley, Richard M. -W. Humboldt",2024,68219.0,,15386.0,41.894726658545295,-87.7063841773407
"Daley, Richard M. -W. Humboldt",2025,78576.0,,20215.0,41.894726658545295,-87.7063841773407
"Daley, Richard M. -W. Humboldt",2020,,16965.0,,41.894726658545295,-87.7063841773407
"Daley, Richard M. -W. Humboldt",2021,,16283.0,,41.894726658545295,-87.7063841773407
"Daley, Richard M. -W. Humboldt",2022,,14820.0,,41.894726658545295,-87.7063841773407
"Daley, Richard M. -W. Humboldt",2023,,13026.0,,41.894726658545295,-87.7063841773407
"Daley, Richard M. -W. Humboldt",2024,,10984.0,,41.894726658545295,-87.7063841773407
"Daley, Richard M. -W. Humboldt",2025,,13221.0,,41.894726658545295,-87.7063841773407
Douglass,2020,5036.0,4785.0,6930.0,41.86441239309047,-87.71017465670012
Douglass,2021,8045.0,4852.0,7210.0,41.86441239309047,-87.71017465670012
Douglass,2022,25970.0,4250.0,9125.0,41.86441239309047,-87.71017465670012
Douglass,2023,21144.0,5779.0,11407.0,41.86441239309047,-87.71017465670012
Douglass,2024,24785.0,4835.0,13008.0,41.86441239309047,-87.71017465670012
Douglass,2025,42100.0,4356.0,12013.0,41.86441239309047,-87.71017465670012
Dunning,2020,54370.0,30500.0,4667.0,41.94319949471892,-87.81395164414246
Dunning,2021,71053.0,38197.0,7445.0,41.94319949471892,-87.81395164414246
Dunning,2022,72104.0,40511.0,8367.0,41.94319949471892,-87.81395164414246
Dunning,2023,68059.0,43328.0,9027.0,41.94319949471892,-87.81395164414246
Dunning,2024,83450.0,37141.0,10759.0,41.94319949471892,-87.81395164414246
Dunning,2025,76712.0,35915.0,9990.0,41.94319949471892,-87.81395164414246
Edgebrook,2020,47557.0,63999.0,3552.0,41.997213372156295,-87.76211751799003
Edgebrook,2021,52883.0,76668.0,3268.0,41.997213372156295,-87.76211751799003
Edgebrook,2022,66216.0,79259.0,4898.0,41.997213372156295,-87.76211751799003
Edgebrook,2023,68383.0,74826.0,5048.0,41.997213372156295,-87.76211751799003
Edgebrook,2024,60084.0,70506.0,4050.0,41.997213372156295,-87.76211751799003
Edgebrook,2025,75599.0,69440.0,4103.0,41.997213372156295,-87.76211751799003
Edgewater,2020,91450.0,103570.0,16476.0,41.99095923823291,-87.660442745415
Edgewater,2021,94307.0,127737.0,17329.0,41.99095923823291,-87.660442745415
Edgewater,2022,97850.0,124239.0,23702.0,41.99095923823291,-87.660442745415
Edgewater,2023,105360.0,124069.0,24525.0,41.99095923823291,-87.660442745415
Edgewater,2024,138562.0,122544.0,26670.0,41.99095923823291,-87.660442745415
Edgewater,2025,162421.0,124959.0,29698.0,41.99095923823291,-87.660442745415
Gage Park,2020,5311.0,3214.0,1093.0,41.79357525220078,-87.69413004003073
Gage Park,2021,4819.0,2773.0,590.0,41.79357525220078,-87.69413004003073
Gage Park,2022,17033.0,7493.0,2685.0,41.79357525220078,-87.69413004003073
Gage Park,2023,26190.0,9010.0,4048.0,41.79357525220078,-87.69413004003073
Gage Park,2024,18180.0,8643.0,3884.0,41.79357525220078,-87.69413004003073
Gage Park,2025,22794.0,7778.0,3771.0,41.79357525220078,-87.69413004003073
Galewood-Mont Clare,2020,3600.0,1705.0,0.0,41.9210332601157,-87.79791005523576
Galewood-Mont Clare,2021,0.0,0.0,0.0,41.9210332601157,-87.79791005523576
Galewood-Mont Clare,2022,0.0,0.0,0.0,41.9210332601157,-87.79791005523576
Galewood-Mont Clare,2023,0.0,0.0,0.0,41.9210332601157,-87.79791005523576
Galewood-Mont Clare,2024,0.0,0.0,0.0,41.9210332601157,-87.79791005523576
Galewood-Mont Clare,2025,0.0,0.0,0.0,41.9210332601157,-87.79791005523576
Garfield Ridge,2020,32285.0,28473.0,4182.0,41.792915800399726,-87.78013459023622
Garfield Ridge,2021,37071.0,33727.0,5206.0,41.792915800399726,-87.78013459023622
Garfield Ridge,2022,50209.0,36368.0,6256.0,41.792915800399726,-87.78013459023622
Garfield Ridge,2023,59823.0,36821.0,6478.0,41.792915800399726,-87.78013459023622
Garfield Ridge,2024,63872.0,33774.0,6869.0,41.792915800399726,-87.78013459023622
Garfield Ridge,2025,49328.0,35073.0,8263.0,41.792915800399726,-87.78013459023622
Greater Grand Crossing,2020,17535.0,6739.0,6119.0,41.76239541819689,-87.60051216643727
Greater Grand Crossing,2021,13610.0,4865.0,5134.0,41.76239541819689,-87.60051216643727
Greater Grand Crossing,2022,20670.0,6186.0,9003.0,41.76239541819689,-87.60051216643727
Greater Grand Crossing,2023,35178.0,5275.0,10692.0,41.76239541819689,-87.60051216643727
Greater Grand Crossing,2024,41582.0,5220.0,14220.0,41.76239541819689,-87.60051216643727
Greater Grand Crossing,2025,54587.0,4354.0,15081.0,41.76239541819689,-87.60051216643727
Hall,2020,30361.0,7705.0,6058.0,41.807377846345496,-87.62263720177272
Hall,2021,23328.0,6169.0,5562.0,41.807377846345496,-87.62263720177272
Hall,2022,31154.0,7510.0,8210.0,41.807377846345496,-87.62263720177272
Hall,2023,34666.0,7826.0,8619.0,41.807377846345496,-87.62263720177272
Hall,2024,39269.0,7697.0,9158.0,41.807377846345496,-87.62263720177272
Hall,2025,34223.0,7826.0,9783.0,41.807377846345496,-87.62263720177272
Harold Washington Library Center,2020,554374.0,276878.0,78203.0,41.87686252958797,-87.62779697013237
Harold Washington Library Center,2021,543951.0,271811.0,69312.0,41.87686252958797,-87.62779697013237
Harold Washington Library Center,2022,686752.0,273406.0,111730.0,41.87686252958797,-87.62779697013237
Harold Washington Library Center,2023,430071.0,265825.0,114817.0,41.87686252958797,-87.62779697013237
Harold Washington Library Center,2024,653728.0,234715.0,115921.0,41.87686252958797,-87.62779697013237
Harold Washington Library Center,2025,953677.0,271372.0,127961.0,41.87686252958797,-87.62779697013237
Hegewisch,2020,18922.0,11479.0,3200.0,41.65927659861025,-87.54881978393514
Hegewisch,2021,16972.0,11515.0,3323.0,41.65927659861025,-87.54881978393514
Hegewisch,2022,14909.0,9734.0,3430.0,41.65927659861025,-87.54881978393514
Hegewisch,2023,15992.0,11353.0,4981.0,41.65927659861025,-87.54881978393514
Hegewisch,2024,17378.0,10986.0,4545.0,41.65927659861025,-87.54881978393514
Hegewisch,2025,28312.0,9352.0,3715.0,41.65927659861025,-87.54881978393514
Humboldt Park,2020,37279.0,36246.0,6631.0,41.910332307504966,-87.70551941016132
Humboldt Park,2021,34092.0,36649.0,7233.0,41.910332307504966,-87.70551941016132
Humboldt Park,2022,48223.0,41675.0,9779.0,41.910332307504966,-87.70551941016132
Humboldt Park,2023,36002.0,44033.0,10988.0,41.910332307504966,-87.70551941016132
Humboldt Park,2024,47938.0,44987.0,11967.0,41.910332307504966,-87.70551941016132
Humboldt Park,2025,37247.0,25429.0,6574.0,41.910332307504966,-87.70551941016132
Independence,2020,29922.0,55694.0,6260.0,41.95413885986087,-87.7200155607629
Independence,2021,33031.0,69547.0,7059.0,41.95413885986087,-87.7200155607629
Independence,2022,40641.0,73846.0,8430.0,41.95413885986087,-87.7200155607629
Independence,2023,45312.0,78019.0,8394.0,41.95413885986087,-87.7200155607629
Independence,2024,41602.0,78932.0,8754.0,41.95413885986087,-87.7200155607629
Independence,2025,81777.0,87157.0,9017.0,41.95413885986087,-87.7200155607629
Jefferson Park,2020,33343.0,41742.0,6125.0,41.96750826032374,-87.76176748220928
Jefferson Park,2021,46942.0,55453.0,8179.0,41.96750826032374,-87.76176748220928
Jefferson Park,2022,46168.0,59621.0,11848.0,41.96750826032374,-87.76176748220928
Jefferson Park,2023,54373.0,64815.0,11225.0,41.96750826032374,-87.76176748220928
Jefferson Park,2024,49886.0,59935.0,9648.0,41.96750826032374,-87.76176748220928
Jefferson Park,2025,65553.0,60200.0,11057.0,41.96750826032374,-87.76176748220928
Jeffery Manor,2020,26048.0,4091.0,5146.0,41.71340053892868,-87.56573413765888
Jeffery Manor,2021,14627.0,3205.0,4283.0,41.71340053892868,-87.56573413765888
Jeffery Manor,2022,17787.0,5335.0,7895.0,41.71340053892868,-87.56573413765888
Jeffery Manor,2023,18326.0,5356.0,8398.0,41.71340053892868,-87.56573413765888
Jeffery Manor,2024,17555.0,5263.0,8002.0,41.71340053892868,-87.56573413765888
Jeffery Manor,2025,38632.0,5926.0,9201.0,41.71340053892868,-87.56573413765888
Kelly,2020,18646.0,4498.0,5587.0,41.78202569697298,-87.63738794358196
Kelly,2021,9396.0,4334.0,5784.0,41.78202569697298,-87.63738794358196
Kelly,2022,28926.0,5141.0,6964.0,41.78202569697298,-87.63738794358196
Kelly,2023,33499.0,3868.0,7081.0,41.78202569697298,-87.63738794358196
Kelly,2024,33380.0,3408.0,7113.0,41.78202569697298,-87.63738794358196
Kelly,2025,39281.0,4201.0,9423.0,41.78202569697298,-87.63738794358196
King,2020,16902.0,11145.0,8495.0,41.83175130060517,-87.61747228078738
King,2021,17385.0,12704.0,9428.0,41.83175130060517,-87.61747228078738
King,2022,18064.0,11940.0,12658.0,41.83175130060517,-87.61747228078738
King,2023,17959.0,11462.0,12761.0,41.83175130060517,-87.61747228078738
King,2024,18769.0,11420.0,12424.0,41.83175130060517,-87.61747228078738
King,2025,50169.0,11530.0,14559.0,41.83175130060517,-87.61747228078738
Legler Regional,2020,108.0,245.0,40.0,41.87934542742433,-87.72547641315548
Legler Regional,2021,15091.0,5226.0,7851.0,41.87934542742433,-87.72547641315548
Legler Regional,2022,35007.0,6453.0,13927.0,41.87934542742433,-87.72547641315548
Legler Regional,2023,19127.0,4168.0,8582.0,41.87934542742433,-87.72547641315548
Legler Regional,2024,48905.0,7232.0,15396.0,41.87934542742433,-87.72547641315548
Legler Regional,2025,95663.0,8644.0,23780.0,41.87934542742433,-87.72547641315548
Lincoln Belmont,2020,57738.0,105388.0,4971.0,41.94046531149621,-87.67102536129381
Lincoln Belmont,2021,67167.0,129149.0,6391.0,41.94046531149621,-87.67102536129381
Lincoln Belmont,2022,57243.0,104173.0,6271.0,41.94046531149621,-87.67102536129381
Lincoln Belmont,2023,103741.0,126787.0,8093.0,41.94046531149621,-87.67102536129381
Lincoln Belmont,2024,119522.0,126088.0,8508.0,41.94046531149621,-87.67102536129381
Lincoln Belmont,2025,137708.0,133764.0,10617.0,41.94046531149621,-87.67102536129381
Lincoln Park,2020,71740.0,92065.0,5101.0,41.92540663614013,-87.65806218385674
Lincoln Park,2021,75874.0,114599.0,7015.0,41.92540663614013,-87.65806218385674
Lincoln Park,2022,118118.0,142413.0,10615.0,41.92540663614013,-87.65806218385674
Lincoln Park,2023,122545.0,132794.0,10184.0,41.92540663614013,-87.65806218385674
Lincoln Park,2024,124701.0,134790.0,11631.0,41.92540663614013,-87.65806218385674
Lincoln Park,2025,138741.0,138343.0,13232.0,41.92540663614013,-87.65806218385674
Little Italy,2020,40933.0,37786.0,6358.0,41.86946341218242,-87.66072612668584
Little Italy,2021,48093.0,47793.0,6112.0,41.86946341218242,-87.66072612668584
Little Italy,2022,86951.0,45000.0,9574.0,41.86946341218242,-87.66072612668584
Little Italy,2023,98776.0,41862.0,10330.0,41.86946341218242,-87.66072612668584
Little Italy,2024,105193.0,43046.0,11253.0,41.86946341218242,-87.66072612668584
Little Italy,2025,106057.0,42571.0,13160.0,41.86946341218242,-87.66072612668584
Little Village,2020,23839.0,15626.0,7266.0,41.84959155873184,-87.70504118331108
Little Village,2021,16571.0,15767.0,7035.0,41.84959155873184,-87.70504118331108
Little Village,2022,21964.0,17465.0,9946.0,41.84959155873184,-87.70504118331108
Little Village,2023,46311.0,16385.0,13314.0,41.84959155873184,-87.70504118331108
Little Village,2024,62441.0,17110.0,17147.0,41.84959155873184,-87.70504118331108
Little Village,2025,59104.0,17671.0,14886.0,41.84959155873184,-87.70504118331108
Logan Square,2020,68589.0,71923.0,7396.0,41.924860376546214,-87.7035190503226
Logan Square,2021,92688.0,105294.0,11483.0,41.924860376546214,-87.7035190503226
Logan Square,2022,116554.0,116319.0,15279.0,41.924860376546214,-87.7035190503226
Logan Square,2023,136654.0,118575.0,15855.0,41.924860376546214,-87.7035190503226
Logan Square,2024,144517.0,118318.0,15097.0,41.924860376546214,-87.7035190503226
Logan Square,2025,139321.0,135107.0,18228.0,41.924860376546214,-87.7035190503226
Lozano,2020,47770.0,21536.0,9255.0,41.857601233304614,-87.66116376475367
Lozano,2021,55729.0,25108.0,9937.0,41.857601233304614,-87.66116376475367
Lozano,2022,45329.0,25002.0,13338.0,41.857601233304614,-87.66116376475367
Lozano,2023,59433.0,25780.0,16856.0,41.857601233304614,-87.66116376475367
Lozano,2024,92459.0,16162.0,17721.0,41.857601233304614,-87.66116376475367
Lozano,2025,98912.0,22333.0,18607.0,41.857601233304614,-87.66116376475367
Manning,2020,13844.0,3325.0,3190.0,41.88108555559726,-87.67923504553734
Manning,2021,9836.0,1875.0,1245.0,41.88108555559726,-87.67923504553734
Manning,2022,39310.0,11869.0,8783.0,41.88108555559726,-87.67923504553734
Manning,2023,47266.0,13280.0,9350.0,41.88108555559726,-87.67923504553734
Manning,2024,42937.0,14126.0,10021.0,41.88108555559726,-87.67923504553734
Manning,2025,60712.0,15440.0,11288.0,41.88108555559726,-87.67923504553734
Mayfair,2020,18955.0,24446.0,3230.0,41.968242773953044,-87.737968778247
Mayfair,2021,21794.0,29232.0,3779.0,41.968242773953044,-87.737968778247
Mayfair,2022,18821.0,30562.0,4067.0,41.968242773953044,-87.737968778247
Mayfair,2023,32815.0,31618.0,4331.0,41.968242773953044,-87.737968778247
Mayfair,2024,35397.0,31492.0,3703.0,41.968242773953044,-87.737968778247
Mayfair,2025,37112.0,32436.0,4430.0,41.968242773953044,-87.737968778247
McKinley Park,2020,38764.0,31015.0,3736.0,41.83030074817219,-87.67349098124289
McKinley Park,2021,43135.0,32919.0,4520.0,41.83030074817219,-87.67349098124289
McKinley Park,2022,51896.0,37881.0,6660.0,41.83030074817219,-87.67349098124289
McKinley Park,2023,71166.0,33714.0,7676.0,41.83030074817219,-87.67349098124289
McKinley Park,2024,81086.0,35867.0,7822.0,41.83030074817219,-87.67349098124289
McKinley Park,2025,71757.0,38188.0,9046.0,41.83030074817219,-87.67349098124289
Merlo,2020,0.0,41151.0,3118.0,41.940131637508564,-87.64602857926714
Merlo,2021,86207.0,96136.0,8866.0,41.940131637508564,-87.64602857926714
Merlo,2022,110146.0,106736.0,13742.0,41.940131637508564,-87.64602857926714
Merlo,2023,113905.0,103869.0,12491.0,41.940131637508564,-87.64602857926714
Merlo,2024,126346.0,101291.0,12272.0,41.940131637508564,-87.64602857926714
Merlo,2025,125579.0,102707.0,14040.0,41.940131637508564,-87.64602857926714
Mount Greenwood,2020,17208.0,33407.0,4060.0,41.693015814018004,-87.70102477600602
Mount Greenwood,2021,18372.0,39068.0,4412.0,41.693015814018004,-87.70102477600602
Mount Greenwood,2022,24079.0,46056.0,6532.0,41.693015814018004,-87.70102477600602
Mount Greenwood,2023,25182.0,38282.0,5584.0,41.693015814018004,-87.70102477600602
Mount Greenwood,2024,28033.0,42861.0,5845.0,41.693015814018004,-87.70102477600602
Mount Greenwood,2025,46099.0,42196.0,6592.0,41.693015814018004,-87.70102477600602
Near North,2020,65148.0,72498.0,5811.0,41.90393142178499,-87.63660775555267
Near North,2021,75732.0,87488.0,7677.0,41.90393142178499,-87.63660775555267
Near North,2022,61030.0,46760.0,8507.0,41.90393142178499,-87.63660775555267
Near North,2023,101014.0,78261.0,15851.0,41.90393142178499,-87.63660775555267
Near North,2024,125991.0,84972.0,17491.0,41.90393142178499,-87.63660775555267
Near North,2025,123166.0,91029.0,23137.0,41.90393142178499,-87.63660775555267
North Austin,2020,17907.0,7093.0,6644.0,41.909444834238485,-87.76898326931509
North Austin,2021,16817.0,6584.0,5692.0,41.909444834238485,-87.76898326931509
North Austin,2022,19986.0,6732.0,7380.0,41.909444834238485,-87.76898326931509
North Austin,2023,21053.0,6221.0,7993.0,41.909444834238485,-87.76898326931509
North Austin,2024,22883.0,6267.0,7991.0,41.909444834238485,-87.76898326931509
North Austin,2025,35957.0,6230.0,10029.0,41.909444834238485,-87.76898326931509
North Pulaski,2020,19762.0,11265.0,4260.0,"41.90989766464456,-87.73376822625004""",
North Pulaski,2021,24593.0,11211.0,4596.0,"41.90989766464456,-87.73376822625004""",
North Pulaski,2022,28344.0,12675.0,6375.0,"41.90989766464456,-87.73376822625004""",
North Pulaski,2023,34308.0,15046.0,7178.0,"41.90989766464456,-87.73376822625004""",
North Pulaski,2024,37383.0,15260.0,7220.0,"41.90989766464456,-87.73376822625004""",
North Pulaski,2025,42977.0,17901.0,8230.0,"41.90989766464456,-87.73376822625004""",
Northtown,2020,74062.0,94797.0,12712.0,42.00507612272344,-87.69021903022175
Northtown,2021,89529.0,110226.0,14793.0,42.00507612272344,-87.69021903022175
Northtown,2022,84479.0,101188.0,18967.0,42.00507612272344,-87.69021903022175
Northtown,2023,88183.0,93382.0,19185.0,42.00507612272344,-87.69021903022175
Northtown,2024,97014.0,88759.0,19836.0,42.00507612272344,-87.69021903022175
Northtown,2025,103745.0,87255.0,19461.0,42.00507612272344,-87.69021903022175
Oriole Park,2020,38614.0,42683.0,4352.0,41.978098111742476,-87.81420029973704
Oriole Park,2021,49780.0,56191.0,5912.0,41.978098111742476,-87.81420029973704
Oriole Park,2022,54645.0,60991.0,7607.0,41.978098111742476,-87.81420029973704
Oriole Park,2023,62042.0,58068.0,7686.0,41.978098111742476,-87.81420029973704
Oriole Park,2024,69560.0,56139.0,7318.0,41.978098111742476,-87.81420029973704
Oriole Park,2025,72633.0,53449.0,10040.0,41.978098111742476,-87.81420029973704
Portage-Cragin,2020,35107.0,36262.0,7696.0,41.93883597361448,-87.75467117455794
Portage-Cragin,2021,34976.0,41154.0,9558.0,41.93883597361448,-87.75467117455794
Portage-Cragin,2022,46675.0,41531.0,10345.0,41.93883597361448,-87.75467117455794
Portage-Cragin,2023,64819.0,42410.0,10802.0,41.93883597361448,-87.75467117455794
Portage-Cragin,2024,66551.0,38874.0,10983.0,41.93883597361448,-87.75467117455794
Portage-Cragin,2025,55308.0,37832.0,12291.0,41.93883597361448,-87.75467117455794
Pullman,2020,17149.0,3368.0,4381.0,41.69436481773882,-87.6181414059763
Pullman,2021,25026.0,3952.0,6442.0,41.69436481773882,-87.6181414059763
Pullman,2022,34039.0,4118.0,9861.0,41.69436481773882,-87.6181414059763
Pullman,2023,43088.0,4747.0,11298.0,41.69436481773882,-87.6181414059763
Pullman,2024,49546.0,5939.0,11299.0,41.69436481773882,-87.6181414059763
Pullman,2025,42596.0,5559.0,12218.0,41.69436481773882,-87.6181414059763
Roden,2020,27951.0,37254.0,2580.0,41.99199760467718,-87.79820642998901
Roden,2021,39766.0,49569.0,3651.0,41.99199760467718,-87.79820642998901
Roden,2022,62510.0,55614.0,5020.0,41.99199760467718,-87.79820642998901
Roden,2023,86759.0,56178.0,5359.0,41.99199760467718,-87.79820642998901
Roden,2024,90371.0,55977.0,5480.0,41.99199760467718,-87.79820642998901
Roden,2025,58288.0,51489.0,6021.0,41.99199760467718,-87.79820642998901
Rogers Park,2020,75717.0,65574.0,10162.0,42.00682227244734,-87.67330813329413
Rogers Park,2021,75695.0,74911.0,12227.0,42.00682227244734,-87.67330813329413
Rogers Park,2022,99362.0,77588.0,17612.0,42.00682227244734,-87.67330813329413
Rogers Park,2023,114874.0,74409.0,17596.0,42.00682227244734,-87.67330813329413
Rogers Park,2024,134006.0,76879.0,18385.0,42.00682227244734,-87.67330813329413
Rogers Park,2025,129285.0,79153.0,20114.0,42.00682227244734,-87.67330813329413
Scottsdale,2020,24400.0,11650.0,3768.0,41.74928543110801,-87.72440869132882
Scottsdale,2021,37432.0,14181.0,5495.0,41.74928543110801,-87.72440869132882
Scottsdale,2022,37087.0,15151.0,6852.0,41.74928543110801,-87.72440869132882
Scottsdale,2023,40094.0,13206.0,7413.0,41.74928543110801,-87.72440869132882
Scottsdale,2024,41633.0,11087.0,7408.0,41.74928543110801,-87.72440869132882
Scottsdale,2025,38157.0,12296.0,7393.0,41.74928543110801,-87.72440869132882
Sherman Park,2020,18207.0,2675.0,3860.0,41.79476901885989,-87.65502837616037
Sherman Park,2021,18837.0,2318.0,3919.0,41.79476901885989,-87.65502837616037
Sherman Park,2022,17653.0,2857.0,6180.0,41.79476901885989,-87.65502837616037
Sherman Park,2023,15333.0,3440.0,9023.0,41.79476901885989,-87.65502837616037
Sherman Park,2024,15007.0,2608.0,8726.0,41.79476901885989,-87.65502837616037
Sherman Park,2025,29424.0,2685.0,7669.0,41.79476901885989,-87.65502837616037
South Chicago,2020,32499.0,7548.0,8067.0,41.73029771500594,-87.54972658730712
South Chicago,2021,31336.0,7696.0,8211.0,41.73029771500594,-87.54972658730712
South Chicago,2022,42990.0,8324.0,12791.0,41.73029771500594,-87.54972658730712
South Chicago,2023,40270.0,8608.0,13051.0,41.73029771500594,-87.54972658730712
South Chicago,2024,48240.0,7432.0,10630.0,41.73029771500594,-87.54972658730712
South Chicago,2025,51803.0,6349.0,11259.0,41.73029771500594,-87.54972658730712
South Shore,2020,5115.0,7780.0,6156.0,41.76254141905116,-87.56387694448408
South Shore,2021,17501.0,11406.0,11613.0,41.76254141905116,-87.56387694448408
South Shore,2022,20183.0,10647.0,13976.0,41.76254141905116,-87.56387694448408
South Shore,2023,29761.0,11032.0,16481.0,41.76254141905116,-87.56387694448408
South Shore,2024,33984.0,12263.0,18865.0,41.76254141905116,-87.56387694448408
South Shore,2025,53287.0,11174.0,19694.0,41.76254141905116,-87.56387694448408
Sulzer Regional Library,2020,165519.0,226464.0,27772.0,41.962966859427524,-87.68469465366664
Sulzer Regional Library,2021,175377.0,281183.0,22938.0,41.962966859427524,-87.68469465366664
Sulzer Regional Library,2022,214847.0,301340.0,33478.0,41.962966859427524,-87.68469465366664
Sulzer Regional Library,2023,255294.0,303416.0,35950.0,41.962966859427524,-87.68469465366664
Sulzer Regional Library,2024,302263.0,311851.0,30728.0,41.962966859427524,-87.68469465366664
Sulzer Regional Library,2025,310522.0,321495.0,37779.0,41.962966859427524,-87.68469465366664
Thurgood Marshall,2020,36007.0,9573.0,11165.0,41.757343880012456,-87.6540643783153
Thurgood Marshall,2021,32164.0,8517.0,10989.0,41.757343880012456,-87.6540643783153
Thurgood Marshall,2022,38615.0,8920.0,12290.0,41.757343880012456,-87.6540643783153
Thurgood Marshall,2023,52287.0,7677.0,13583.0,41.757343880012456,-87.6540643783153
Thurgood Marshall,2024,65907.0,7215.0,13885.0,41.757343880012456,-87.6540643783153
Thurgood Marshall,2025,48221.0,7214.0,16459.0,41.757343880012456,-87.6540643783153
Toman,2020,23757.0,23781.0,7825.0,41.842086096760674,-87.72463965526215
Toman,2021,19563.0,23670.0,8543.0,41.842086096760674,-87.72463965526215
Toman,2022,25645.0,23735.0,8471.0,41.842086096760674,-87.72463965526215
Toman,2023,31467.0,21832.0,8943.0,41.842086096760674,-87.72463965526215
Toman,2024,31462.0,20357.0,9778.0,41.842086096760674,-87.72463965526215
Toman,2025,40497.0,18828.0,8722.0,41.842086096760674,-87.72463965526215
Uptown,2020,57536.0,59507.0,8254.0,41.95832305807637,-87.65424744448335
Uptown,2021,65259.0,67461.0,10636.0,41.95832305807637,-87.65424744448335
Uptown,2022,61293.0,54707.0,12040.0,41.95832305807637,-87.65424744448335
Uptown,2023,94272.0,68694.0,15551.0,41.95832305807637,-87.65424744448335
Uptown,2024,108761.0,70991.0,17325.0,41.95832305807637,-87.65424744448335
Uptown,2025,112465.0,73061.0,18742.0,41.95832305807637,-87.65424744448335
Vodak-East Side,2020,24651.0,13685.0,4333.0,41.70283443594318,-87.61428978448026
Vodak-East Side,2021,33568.0,18626.0,6663.0,41.70283443594318,-87.61428978448026
Vodak-East Side,2022,43052.0,19893.0,8740.0,41.70283443594318,-87.61428978448026
Vodak-East Side,2023,43854.0,20070.0,10024.0,41.70283443594318,-87.61428978448026
Vodak-East Side,2024,55050.0,20606.0,9841.0,41.70283443594318,-87.61428978448026
Vodak-East Side,2025,45609.0,19245.0,9792.0,41.70283443594318,-87.61428978448026
Walker,2020,2606.0,8559.0,2272.0,41.69198346617567,-87.6739093032301
Walker,2021,12055.0,10541.0,2816.0,41.69198346617567,-87.6739093032301
Walker,2022,11531.0,16002.0,5021.0,41.69198346617567,-87.6739093032301
Walker,2023,20011.0,16921.0,5570.0,41.69198346617567,-87.6739093032301
Walker,2024,25109.0,16796.0,6095.0,41.69198346617567,-87.6739093032301
Walker,2025,43186.0,17428.0,7092.0,41.69198346617567,-87.6739093032301
Water Works,2020,,12534.0,908.0,41.897484072390675,-87.62337776811282
Water Works,2021,10594.0,10200.0,369.0,41.897484072390675,-87.62337776811282
Water Works,2022,47594.0,38310.0,1922.0,41.897484072390675,-87.62337776811282
Water Works,2023,53170.0,35235.0,2153.0,41.897484072390675,-87.62337776811282
Water Works,2024,36777.0,25130.0,338.0,41.897484072390675,-87.62337776811282
Water Works,2025,0.0,19638.0,0.0,41.897484072390675,-87.62337776811282
West Belmont,2020,30729.0,33022.0,5075.0,41.9366521886413,-87.78602401236114
West Belmont,2021,30693.0,35555.0,5227.0,41.9366521886413,-87.78602401236114
West Belmont,2022,43844.0,35914.0,7460.0,41.9366521886413,-87.78602401236114
West Belmont,2023,53299.0,37848.0,8925.0,41.9366521886413,-87.78602401236114
West Belmont,2024,42691.0,38063.0,8624.0,41.9366521886413,-87.78602401236114
West Belmont,2025,50213.0,32196.0,9666.0,41.9366521886413,-87.78602401236114
West Chicago Avenue,2020,22337.0,3674.0,7164.0,41.8950961032908,-87.74806072822989
West Chicago Avenue,2021,8954.0,2684.0,6019.0,41.8950961032908,-87.74806072822989
West Chicago Avenue,2022,15374.0,4609.0,8878.0,41.8950961032908,-87.74806072822989
West Chicago Avenue,2023,21508.0,6081.0,10899.0,41.8950961032908,-87.74806072822989
West Chicago Avenue,2024,25791.0,6159.0,10130.0,41.8950961032908,-87.74806072822989
West Chicago Avenue,2025,33953.0,4990.0,12102.0,41.8950961032908,-87.74806072822989
West Englewood,2020,28176.0,4621.0,7651.0,41.77928203936906,-87.66843344429459
West Englewood,2021,28905.0,3896.0,5998.0,41.77928203936906,-87.66843344429459
West Englewood,2022,34995.0,4576.0,7923.0,41.77928203936906,-87.66843344429459
West Englewood,2023,28986.0,3790.0,7765.0,41.77928203936906,-87.66843344429459
West Englewood,2024,45325.0,5581.0,12542.0,41.77928203936906,-87.66843344429459
West Englewood,2025,43479.0,4946.0,12511.0,41.77928203936906,-87.66843344429459
West Lawn,2020,20569.0,16996.0,5685.0,41.77875389246921,-87.72374295317714
West Lawn,2021,6719.0,7035.0,2668.0,41.77875389246921,-87.72374295317714
West Lawn,2022,36473.0,20225.0,5589.0,41.77875389246921,-87.72374295317714
West Lawn,2023,44899.0,21671.0,7484.0,41.77875389246921,-87.72374295317714
West Lawn,2024,47045.0,21958.0,7513.0,41.77875389246921,-87.72374295317714
West Lawn,2025,38420.0,14968.0,7429.0,41.77875389246921,-87.72374295317714
West Loop,2020,37867.0,36711.0,2488.0,41.8837105009142,-87.6545650515331
West Loop,2021,36393.0,45506.0,3179.0,41.8837105009142,-87.6545650515331
West Loop,2022,51137.0,52688.0,4784.0,41.8837105009142,-87.6545650515331
West Loop,2023,68951.0,52886.0,5048.0,41.8837105009142,-87.6545650515331
West Loop,2024,74560.0,56520.0,5706.0,41.8837105009142,-87.6545650515331
West Loop,2025,83055.0,56383.0,5516.0,41.8837105009142,-87.6545650515331
West Pullman,2020,33261.0,8768.0,12042.0,41.67790647382097,-87.6431683153105
West Pullman,2021,15932.0,7361.0,9520.0,41.67790647382097,-87.6431683153105
West Pullman,2022,23737.0,8454.0,12606.0,41.67790647382097,-87.6431683153105
West Pullman,2023,46639.0,8485.0,15483.0,41.67790647382097,-87.6431683153105
West Pullman,2024,47834.0,6815.0,14633.0,41.67790647382097,-87.6431683153105
West Pullman,2025,50851.0,6490.0,20148.0,41.67790647382097,-87.6431683153105
West Town,2020,50554.0,35535.0,5633.0,41.89594730478282,-87.66829305460979
West Town,2021,48278.0,45464.0,7276.0,41.89594730478282,-87.66829305460979
West Town,2022,68398.0,53459.0,10203.0,41.89594730478282,-87.66829305460979
West Town,2023,85199.0,55559.0,11255.0,41.89594730478282,-87.66829305460979
West Town,2024,101609.0,60287.0,12320.0,41.89594730478282,-87.66829305460979
West Town,2025,104903.0,64670.0,14599.0,41.89594730478282,-87.66829305460979
"Whitney M. Young, Jr.",2020,38131.0,9710.0,13612.0,41.7510184591363,-87.61495065361933
"Whitney M. Young, Jr.",2021,30166.0,8142.0,13462.0,41.7510184591363,-87.61495065361933
"Whitney M. Young, Jr.",2022,43576.0,8041.0,18455.0,41.7510184591363,-87.61495065361933
"Whitney M. Young, Jr.",2023,41522.0,8737.0,19208.0,41.7510184591363,-87.61495065361933
"Whitney M. Young, Jr.",2024,54982.0,8863.0,21819.0,41.7510184591363,-87.61495065361933
"Whitney M. Young, Jr.",2025,73685.0,7553.0,25514.0,41.7510184591363,-87.61495065361933
Woodson Regional Library,2020,78366.0,25273.0,33365.0,41.720694885749005,-87.64304817213312
Woodson Regional Library,2021,55987.0,23328.0,28566.0,41.720694885749005,-87.64304817213312
Woodson Regional Library,2022,61392.0,25002.0,35655.0,41.720694885749005,-87.64304817213312
Woodson Regional Library,2023,76288.0,24450.0,37894.0,41.720694885749005,-87.64304817213312
Woodson Regional Library,2024,88293.0,25265.0,42065.0,41.720694885749005,-87.64304817213312
Woodson Regional Library,2025,142277.0,24872.0,44400.0,41.720694885749005,-87.64304817213312
Wrightwood-Ashburn,2020,21338.0,8596.0,5139.0,41.73795704970435,-87.70221598421591
Wrightwood-Ashburn,2021,12274.0,7287.0,4942.0,41.73795704970435,-87.70221598421591
Wrightwood-Ashburn,2022,29648.0,8850.0,7055.0,41.73795704970435,-87.70221598421591
Wrightwood-Ashburn,2023,40464.0,8963.0,8281.0,41.73795704970435,-87.70221598421591
Wrightwood-Ashburn,2024,46847.0,10082.0,8689.0,41.73795704970435,-87.70221598421591
Wrightwood-Ashburn,2025,37198.0,8869.0,9017.0,41.73795704970435,-87.70221598421591
